1432893563.56::On that Bullshit \ud83d\ude24\ud83d\udc85\ud83c\udfc0\n##seered \n##bullsnation \n##chicagobulls \n##chiraq \n##bullshit https:\/\/t.co\/zWOnevgNh5,,
1432894183.32::RT @DawnHillDesigns: RT @mlscompanystore: Check out NWT #Adidas Boy\u2019s Black #ChicagoBulls Short Sleeve #TShirt Size XL All Seasons http:\/\/t\u2026,,
1432894361.72::RT @NBATV: Per Elias, this will be only the 2nd time in NBA history that rookie head coaches have met in the Finals #NBAPlayoffs http:\/\/t.c\u2026,
1432894645.07::RT @kublue0101: \u30ab\u30ea\u30fc\u304c8\u672c\u306e3P\u3092\u3057\u305a\u3081\u300132\u5f97\u70b9\u203c\ufe0e\u203c\ufe0e\n\u30a6\u30a9\u30fc\u30ea\u30a2\u30fc\u30ba\u304c4-2\u3067Conf.\u30d5\u30a1\u30a4\u30ca\u30eb\u9032\u51fa\u3092\u6c7a\u3081\u307e\u3057\u305f\u203c\ufe0e\u203c\ufe0e\n\n\u8d85\u7d76\u30d6\u30b6\u30fc\u30d3\u30fc\u30bf\u30fc\u3082\u70b8\u88c2\u203c\ufe0e\u203c\ufe0e\u203c\ufe0e\n #NBAPlayoffs #SPLASH #MVP http:\/\/t.co\/he2KX4\u2026,,
1432894666.1::RT @kublue0101: \u30ab\u30ea\u30fc\u304c8\u672c\u306e3P\u3092\u3057\u305a\u3081\u300132\u5f97\u70b9\u203c\ufe0e\u203c\ufe0e\n\u30a6\u30a9\u30fc\u30ea\u30a2\u30fc\u30ba\u304c4-2\u3067Conf.\u30d5\u30a1\u30a4\u30ca\u30eb\u9032\u51fa\u3092\u6c7a\u3081\u307e\u3057\u305f\u203c\ufe0e\u203c\ufe0e\n\n\u8d85\u7d76\u30d6\u30b6\u30fc\u30d3\u30fc\u30bf\u30fc\u3082\u70b8\u88c2\u203c\ufe0e\u203c\ufe0e\u203c\ufe0e\n #NBAPlayoffs #SPLASH #MVP http:\/\/t.co\/he2KX4\u2026,,
1432894775.04::RT @kublue0101: \u30ab\u30ea\u30fc\u304c8\u672c\u306e3P\u3092\u3057\u305a\u3081\u300132\u5f97\u70b9\u203c\ufe0e\u203c\ufe0e\n\u30a6\u30a9\u30fc\u30ea\u30a2\u30fc\u30ba\u304c4-2\u3067Conf.\u30d5\u30a1\u30a4\u30ca\u30eb\u9032\u51fa\u3092\u6c7a\u3081\u307e\u3057\u305f\u203c\ufe0e\u203c\ufe0e\n\n\u8d85\u7d76\u30d6\u30b6\u30fc\u30d3\u30fc\u30bf\u30fc\u3082\u70b8\u88c2\u203c\ufe0e\u203c\ufe0e\u203c\ufe0e\n #NBAPlayoffs #SPLASH #MVP http:\/\/t.co\/he2KX4\u2026,,
1432894800.46::RT @RTNBA: #NBAPlayoffs FOLLOW TRAIN! \n1.) RETWEET THIS!\n\ud83c\udfc0\ud83c\udfc0\ud83c\udfc0\n2.) FOLLOW ALL RETWEETERS!\n\ud83c\udfc0\ud83c\udfc0\ud83c\udfc0\n3.) FOLLOW EVERYBODY BACK! \n\ud83c\udfc0\ud83c\udfc0\ud83c\udfc0\n #NBAFOLLOWTRAI\u2026,,
1432894865.07::Ptdrrr\n#Prediction\n#NBAFinals \n#NBAPlayoffs \n@KeyshiaCole http:\/\/t.co\/1XM3qLFqaw,,
1432894976.89::#d1lockermedia Tongue Out Like 23!!! #Dubnation #grind #hardwork #instahub #nbaplayoffs #playoffs #igers #amazing #\u2026 http:\/\/t.co\/u2OdF9G8Es,,
1432894977.16::RT @NBA_Spain: Lo mejor de las Finales de Conferencia de los #NBAPlayoffs en la nuestra #PhantomCam presentada por @BBVA\nhttps:\/\/t.co\/Efikz\u2026,,
1432895120.52::RT @warriors: #StrengthInNumbers \ud83d\udc50 RT @NBA: Property of the @warriors and #DubNation. #WCF #NBAPlayoffs http:\/\/t.co\/z3f6swPfcG,,
1432895139.9::RT @CrossOver_JL: Congratulations to the #Cavs on becoming the Eastern champions #NBAPlayoffs #NBA http:\/\/t.co\/nQyEM0eRFc,,
1432895140.06::Lol\ud83d\ude02 #NBAPlayoffs http:\/\/t.co\/j0BeCAe03i,,
1432895156.92::RT @in_nba: \u30db\u30fc\u30af\u30b9\u306e\u8a66\u5408\u4f1a\u5834\u3067\u8d77\u3053\u3063\u305f\u73cd\u4e8b\u4ef6\n\u30ab\u30e1\u30e9\u306b\u6620\u3063\u3066\u8208\u596e\u306e\u3042\u307e\u308a\u306b\u3002\n #NBAPlayoffs \nhttps:\/\/t.co\/gS2ctUQKHa,,
1432895174.02::RT @kublue0101: \u30d5\u30eb\u30c9\u30e9\u30a4\u30d6\u2192\u30d3\u30cf\u30a4\u30f3\u30c9\u30af\u30a4\u30c3\u30af\u203c\ufe0e\n #NBAPlayoffs #SPLASH #MVP \nhttps:\/\/t.co\/1v6kEhbyX4,,
1432895192.46::RT @NBATV: Party like it\u2019s 1975! Congrats to the @warriors! #NBAPlayoffs http:\/\/t.co\/E7k0CGg1Im,,
1432895220.51::RT @SklarBrothers: The ghost of #RileyCurry knows all #NBAPlayoffs http:\/\/t.co\/QO6rkbcpbC,,
1432895231.83::RT @NBA: Property of the @warriors and #DubNation. #WCF #NBAPlayoffs http:\/\/t.co\/IqnX1NWV0T,,
"1432895252.05::RT @NBATV: .@SteveKerr on the win: \""It's more than just a relief", it's joy. I'm happy for everyone," especially for our fans.\"" #NBAPlayoffs"
1432895311.49::RT @kublue0101: \u30ab\u30ea\u30fc\u304c8\u672c\u306e3P\u3092\u3057\u305a\u3081\u300132\u5f97\u70b9\u203c\ufe0e\u203c\ufe0e\n\u30a6\u30a9\u30fc\u30ea\u30a2\u30fc\u30ba\u304c4-2\u3067Conf.\u30d5\u30a1\u30a4\u30ca\u30eb\u9032\u51fa\u3092\u6c7a\u3081\u307e\u3057\u305f\u203c\ufe0e\u203c\ufe0e\n\n\u8d85\u7d76\u30d6\u30b6\u30fc\u30d3\u30fc\u30bf\u30fc\u3082\u70b8\u88c2\u203c\ufe0e\u203c\ufe0e\u203c\ufe0e\n #NBAPlayoffs #SPLASH #MVP http:\/\/t.co\/he2KX4\u2026,,
1432895402.17::@BucketsTV aflevering 9 staat online. Gast was @FrankVischsch http:\/\/t.co\/PJiQCLZl9w #sportam #NBAPlayoffs,,
1432895484.61::RT @D1Locker: #d1lockermedia Tongue Out Like 23!!! #Dubnation #grind #hardwork #instahub #nbaplayoffs #playoffs #igers #amazing #\u2026 http:\/\/t\u2026,,
1432895525.1::RT @kublue0101: \u30ab\u30ea\u30fc\u304c8\u672c\u306e3P\u3092\u3057\u305a\u3081\u300132\u5f97\u70b9\u203c\ufe0e\u203c\ufe0e\n\u30a6\u30a9\u30fc\u30ea\u30a2\u30fc\u30ba\u304c4-2\u3067Conf.\u30d5\u30a1\u30a4\u30ca\u30eb\u9032\u51fa\u3092\u6c7a\u3081\u307e\u3057\u305f\u203c\ufe0e\u203c\ufe0e\n\n\u8d85\u7d76\u30d6\u30b6\u30fc\u30d3\u30fc\u30bf\u30fc\u3082\u70b8\u88c2\u203c\ufe0e\u203c\ufe0e\u203c\ufe0e\n #NBAPlayoffs #SPLASH #MVP http:\/\/t.co\/he2KX4\u2026,,
1432895561.98::RT @VVGenechtenNBA: @BucketsTV aflevering 9 staat online. Gast was @FrankVischsch http:\/\/t.co\/PJiQCLZl9w #sportam #NBAPlayoffs,,
1432895579.84::.@MiamiHEAT \nIf @DwyaneWade does not OPT OUT #HeatNation , plan on NOT making the #NBAPlayoffs AGAIN. Too slow. Too complacent. Too much ego,
1432895669.41::RT @kublue0101: \u30ab\u30ea\u30fc\u304c8\u672c\u306e3P\u3092\u3057\u305a\u3081\u300132\u5f97\u70b9\u203c\ufe0e\u203c\ufe0e\n\u30a6\u30a9\u30fc\u30ea\u30a2\u30fc\u30ba\u304c4-2\u3067Conf.\u30d5\u30a1\u30a4\u30ca\u30eb\u9032\u51fa\u3092\u6c7a\u3081\u307e\u3057\u305f\u203c\ufe0e\u203c\ufe0e\n\n\u8d85\u7d76\u30d6\u30b6\u30fc\u30d3\u30fc\u30bf\u30fc\u3082\u70b8\u88c2\u203c\ufe0e\u203c\ufe0e\u203c\ufe0e\n #NBAPlayoffs #SPLASH #MVP http:\/\/t.co\/he2KX4\u2026,,
1432895814.76::RT @in_nba: \u30db\u30fc\u30af\u30b9\u306e\u8a66\u5408\u4f1a\u5834\u3067\u8d77\u3053\u3063\u305f\u73cd\u4e8b\u4ef6\n\u30ab\u30e1\u30e9\u306b\u6620\u3063\u3066\u8208\u596e\u306e\u3042\u307e\u308a\u306b\u3002\n #NBAPlayoffs \nhttps:\/\/t.co\/gS2ctUQKHa,,
1432895960.88::RT @in_nba: \u672c\u65e5\u306e\u8a66\u5408\u524d\u30eb\u30fc\u30c6\u30a3\u30f3\u30b7\u30e7\u30c3\u30c8\u203c\ufe0e\n #NBAPlayoffs #SPLASH \n\nhttps:\/\/t.co\/abkpsvIKIC,,
1432895991.89::Tom Thibodeau out in Chicago as Bulls seek 'change in approach' http:\/\/t.co\/2SAZTFEUqT\n\u00a0-#NBAplayoffs,,
1432895996.82::#NBAPlayoffs El duelo Curry-LeBron, un duelo de promesas cumplidas. Se vienen las finales NBA. http:\/\/t.co\/jbfbyOkGhu http:\/\/t.co\/5PXDs4Z6OG,
1432896013.62::Father: Klay Thompson threw up, had other 'concussion-like symptoms' http:\/\/t.co\/ImR0zgfc9t\n\u00a0-#NBAplayoffs,
1432896096.46::Warriors favorites for title, Vegas says http:\/\/t.co\/rF2oxN7sCk\n\u00a0-#NBAplayoffs,
1432896453.38::RT @GodfadaChef: Warriors l\ud83d\udc40king like they got this one! @StephenCurry30 is on #BeastMode #NBAPlayoffs http:\/\/t.co\/Q5dEP03fDo,,
1432896481.64::RT @kublue0101: \u30ab\u30ea\u30fc\u304c8\u672c\u306e3P\u3092\u3057\u305a\u3081\u300132\u5f97\u70b9\u203c\ufe0e\u203c\ufe0e\n\u30a6\u30a9\u30fc\u30ea\u30a2\u30fc\u30ba\u304c4-2\u3067Conf.\u30d5\u30a1\u30a4\u30ca\u30eb\u9032\u51fa\u3092\u6c7a\u3081\u307e\u3057\u305f\u203c\ufe0e\u203c\ufe0e\n\n\u8d85\u7d76\u30d6\u30b6\u30fc\u30d3\u30fc\u30bf\u30fc\u3082\u70b8\u88c2\u203c\ufe0e\u203c\ufe0e\u203c\ufe0e\n #NBAPlayoffs #SPLASH #MVP http:\/\/t.co\/he2KX4\u2026,,
1432896511.1::RT @kublue0101: \u3082\u3046\u6b62\u3081\u3088\u3046\u304c\u306a\u3044\u3002\n #NBAPlayoffs #SPLASH #MVP \n\nhttp:\/\/t.co\/qAEeLHR8P5,,
1432896514.06::RT @StewOfficiel: Ptdrrr\n#Prediction\n#NBAFinals \n#NBAPlayoffs \n@KeyshiaCole http:\/\/t.co\/1XM3qLFqaw,,
1432896518.15::RT @kublue0101: \u30d5\u30eb\u30c9\u30e9\u30a4\u30d6\u2192\u30d3\u30cf\u30a4\u30f3\u30c9\u30af\u30a4\u30c3\u30af\u203c\ufe0e\n #NBAPlayoffs #SPLASH #MVP \nhttps:\/\/t.co\/1v6kEhbyX4,,
1432896601.92::RT @kublue0101: \u30ab\u30ea\u30fc\u304c8\u672c\u306e3P\u3092\u3057\u305a\u3081\u300132\u5f97\u70b9\u203c\ufe0e\u203c\ufe0e\n\u30a6\u30a9\u30fc\u30ea\u30a2\u30fc\u30ba\u304c4-2\u3067Conf.\u30d5\u30a1\u30a4\u30ca\u30eb\u9032\u51fa\u3092\u6c7a\u3081\u307e\u3057\u305f\u203c\ufe0e\u203c\ufe0e\n\n\u8d85\u7d76\u30d6\u30b6\u30fc\u30d3\u30fc\u30bf\u30fc\u3082\u70b8\u88c2\u203c\ufe0e\u203c\ufe0e\u203c\ufe0e\n #NBAPlayoffs #SPLASH #MVP http:\/\/t.co\/he2KX4\u2026,,
1432896639.39::RT @ActuNBA_FR: 2 joueurs d'exception\n1 seul gagnant \n#NBAPlayoffs #NBAFinals http:\/\/t.co\/Ud0an2TvYB,,
1432896695.99::RT @kublue0101: \u30ab\u30ea\u30fc\u304c8\u672c\u306e3P\u3092\u3057\u305a\u3081\u300132\u5f97\u70b9\u203c\ufe0e\u203c\ufe0e\n\u30a6\u30a9\u30fc\u30ea\u30a2\u30fc\u30ba\u304c4-2\u3067Conf.\u30d5\u30a1\u30a4\u30ca\u30eb\u9032\u51fa\u3092\u6c7a\u3081\u307e\u3057\u305f\u203c\ufe0e\u203c\ufe0e\n\n\u8d85\u7d76\u30d6\u30b6\u30fc\u30d3\u30fc\u30bf\u30fc\u3082\u70b8\u88c2\u203c\ufe0e\u203c\ufe0e\u203c\ufe0e\n #NBAPlayoffs #SPLASH #MVP http:\/\/t.co\/he2KX4\u2026,,
1432896698.43::Get POT THE BALLS -Free ! The best ball #game ever! \nhttp:\/\/t.co\/LlDoLjl5uG  https:\/\/t.co\/PZOOXjUWqo,,
1432896704.69::RT @kublue0101: \u30ab\u30ea\u30fc\u304c8\u672c\u306e3P\u3092\u3057\u305a\u3081\u300132\u5f97\u70b9\u203c\ufe0e\u203c\ufe0e\n\u30a6\u30a9\u30fc\u30ea\u30a2\u30fc\u30ba\u304c4-2\u3067Conf.\u30d5\u30a1\u30a4\u30ca\u30eb\u9032\u51fa\u3092\u6c7a\u3081\u307e\u3057\u305f\u203c\ufe0e\u203c\ufe0e\n\n\u8d85\u7d76\u30d6\u30b6\u30fc\u30d3\u30fc\u30bf\u30fc\u3082\u70b8\u88c2\u203c\ufe0e\u203c\ufe0e\u203c\ufe0e\n #NBAPlayoffs #SPLASH #MVP http:\/\/t.co\/he2KX4\u2026,,
1432896762.64::RT @NBA_Spain: Lo mejor de las Finales de Conferencia de los #NBAPlayoffs en la nuestra #PhantomCam presentada por @BBVA\nhttps:\/\/t.co\/Efikz\u2026,,
1432896787.46::RT @ShowBuzzDaily: SHOWBUZZDAILY Tues Top 100 Cable Originals #TVRatings (&amp; Network Update) #NBAPlayoffs #FindingCarter http:\/\/t.co\/bZSN5Pd\u2026,,
1432896975.01::RT @kublue0101: \u30ab\u30ea\u30fc\u304c8\u672c\u306e3P\u3092\u3057\u305a\u3081\u300132\u5f97\u70b9\u203c\ufe0e\u203c\ufe0e\n\u30a6\u30a9\u30fc\u30ea\u30a2\u30fc\u30ba\u304c4-2\u3067Conf.\u30d5\u30a1\u30a4\u30ca\u30eb\u9032\u51fa\u3092\u6c7a\u3081\u307e\u3057\u305f\u203c\ufe0e\u203c\ufe0e\n\n\u8d85\u7d76\u30d6\u30b6\u30fc\u30d3\u30fc\u30bf\u30fc\u3082\u70b8\u88c2\u203c\ufe0e\u203c\ufe0e\u203c\ufe0e\n #NBAPlayoffs #SPLASH #MVP http:\/\/t.co\/he2KX4\u2026,,
1432897047.25::RT @StewOfficiel: Ptdrrr\n#Prediction\n#NBAFinals \n#NBAPlayoffs \n@KeyshiaCole http:\/\/t.co\/1XM3qLFqaw,,
1432897133.02::RT @kublue0101: \u30ab\u30ea\u30fc\u304c8\u672c\u306e3P\u3092\u3057\u305a\u3081\u300132\u5f97\u70b9\u203c\ufe0e\u203c\ufe0e\n\u30a6\u30a9\u30fc\u30ea\u30a2\u30fc\u30ba\u304c4-2\u3067Conf.\u30d5\u30a1\u30a4\u30ca\u30eb\u9032\u51fa\u3092\u6c7a\u3081\u307e\u3057\u305f\u203c\ufe0e\u203c\ufe0e\n\n\u8d85\u7d76\u30d6\u30b6\u30fc\u30d3\u30fc\u30bf\u30fc\u3082\u70b8\u88c2\u203c\ufe0e\u203c\ufe0e\u203c\ufe0e\n #NBAPlayoffs #SPLASH #MVP http:\/\/t.co\/he2KX4\u2026,,
